contest_id,year,party,endorsee,endorser_name,endorser_description,endorser_party_note,state,district,date_raw,note,switch_direction,switch_candidate,evidence_url,parsed_ok,raw_text
2008R,2008,R,Huckabee,Mike Rounds,Governor,,SD,,"Mar. 24, 2007",,,,,TRUE,"Gov. Mike Rounds (SD) (Mar. 24, 2007)"
2008R,2008,R,Huckabee,Don Young,U.S. Representative,,AK,,"Feb. 23, 2007",,,,http://p2008.org/cands08/endorse/huck022307pr.html,TRUE,"U.S. Rep. Don Young (AK) (Feb. 23, 2007) +"
2008R,2008,R,Huckabee,John Boozman,U.S. Representative,,AR,3,"Feb. 23, 2007",,,,,TRUE,"U.S. Rep. John Boozman (AR-3) (Feb. 23, 2007)"
2008R,2008,R,Huckabee,Duncan Hunter,U.S. Representative,,CA,52,"Jan. 23, 2008",earlier was a candidate,,,,TRUE,"U.S. Rep. Duncan Hunter (CA-52) (Jan. 23, 2008; earlier was a candidate)"
2008R,2008,R,Huckabee,John Linder,U.S. Representative,,GA,7,"Nov. 11, 2007",switched from Romney,from,Romney,http://p2008.org/huckabee/linder121107pr.html,TRUE,"U.S. Rep. John Linder (GA-7) (Nov. 11, 2007; switched from Romney) +"
2008R,2008,R,Huckabee,Bob Inglis,U.S. Representative,,SC,4,"Nov. 21, 2007",,,,,TRUE,"U.S. Rep. Bob Inglis (SC-4) (Nov. 21, 2007)"
2008R,2008,R,McCain,Arnold Schwarzenegger,Governor,,CA,,"Jan. 31, 2008",,,,,TRUE,"Gov. Arnold Schwarzenegger (CA) (Jan. 31, 2008)"
2008R,2008,R,McCain,M. Jodi Rell,Governor,,CT,,"Jan. 28, 2008",,,,,TRUE,"Gov. M. Jodi Rell (CT) (Jan. 28, 2008)"
2008R,2008,R,McCain,Charlie Crist,Governor,,FL,,"Jan. 26, 2008",,,,,TRUE,"Gov. Charlie Crist (FL) (Jan. 26, 2008)"
2008R,2008,R,McCain,Mitch Daniels,Governor,,IN,,"Feb. 22, 2007",,,,,TRUE,"Gov. Mitch Daniels (IN) (Feb. 22, 2007)"
2008R,2008,R,McCain,Tim Pawlenty,Governor,,MN,,"Jan. 15, 2007",,,,,TRUE,"Gov. Tim Pawlenty (MN) (Jan. 15, 2007)"
2008R,2008,R,McCain,"Jon Huntsman, Jr.",Governor,,UT,,Jul-06,,,,,TRUE,"Gov. Jon Huntsman, Jr. (UT) (July 2006)"
2008R,2008,R,McCain,Jim Douglas,Governor,,VT,,"Jan. 6, 2008",,,,,TRUE,"Gov. Jim Douglas (VT) (Jan. 6, 2008)"
2008R,2008,R,McCain,Jon Kyl,U.S. Senator,,AZ,,"Dec. 28, 2006",reported in the Arizona Republic,,,,TRUE,"U.S. Sen. Jon Kyl (AZ) (Dec. 28, 2006; reported in the Arizona Republic)"
2008R,2008,R,McCain,Joe Lieberman,U.S. Senator,Independent,CT,,"Dec. 17, 2007",,,,,TRUE,"U.S. Sen. Joe Lieberman (I-CT) (Dec. 17, 2007)"
2008R,2008,R,McCain,Mel Martinez,U.S. Senator,,FL,,"Jan. 25, 2008",,,,,TRUE,"U.S. Sen. Mel Martinez (FL) (Jan. 25, 2008)"
2008R,2008,R,McCain,Saxby Chambliss,U.S. Senator,,GA,,"Feb. 2, 2008",,,,,TRUE,"U.S. Sen. Saxby Chambliss (GA) (Feb. 2, 2008)"
2008R,2008,R,McCain,Johnny Isakson,U.S. Senator,,GA,,"Feb. 2, 2008",,,,,TRUE,"U.S. Sen. Johnny Isakson (GA) (Feb. 2, 2008)"
2008R,2008,R,McCain,Sam Brownback,U.S. Senator,,KS,,"Nov. 7, 2007",earlier was a candidate,,,http://p2008.org/mccain/mccain110707pr.html,TRUE,"U.S. Sen. Sam Brownback (KS) (Nov. 7, 2007; earlier was a candidate) +"
2008R,2008,R,McCain,Olympia Snowe,U.S. Senator,,ME,,"Jan. 29, 2007",,,,http://p2008.org/cands08/endorse/endme012907.html,TRUE,"U.S. Sen. Olympia Snowe (ME) (Jan. 29, 2007) +"
2008R,2008,R,McCain,Susan Collins,U.S. Senator,,ME,,"Jan. 29, 2007",,,,,TRUE,"U.S. Sen. Susan Collins (ME) (Jan. 29, 2007)"
2008R,2008,R,McCain,Trent Lott,U.S. Senator,,MS,,,"*Lott resigned effective Dec. 19, 2007.",,,,FALSE,U.S. Sen. Trent Lott (MS)*
2008R,2008,R,McCain,Pete Domenici,U.S. Senator,,NM,,"Jan. 14, 2008",,,,,TRUE,"U.S. Sen. Pete Domenici (NM) (Jan. 14, 2008)"
2008R,2008,R,McCain,Richard Burr,U.S. Senator,,NC,,"Mar. 9, 2007",,,,,TRUE,"U.S. Sen. Richard Burr (NC) (Mar. 9, 2007)"
2008R,2008,R,McCain,Tom Coburn,U.S. Senator,,OK,,"Jan. 16, 2008",,,,,TRUE,"U.S. Sen. Tom Coburn (OK) (Jan. 16, 2008)"
2008R,2008,R,McCain,Gordon Smith,U.S. Senator,,OR,,"Aug. 9, 2006",,,,,TRUE,"U.S. Sen. Gordon Smith (OR) (Aug. 9, 2006)"
2008R,2008,R,McCain,Lindsey Graham,U.S. Senator,,SC,,,,,,,TRUE,U.S. Sen. Lindsey Graham (SC)
2008R,2008,R,McCain,John Thune,U.S. Senator,,SD,,"Feb. 19, 2007",,,,,TRUE,"U.S. Sen. John Thune (SD) (Feb. 19, 2007)"
2008R,2008,R,McCain,John Warner,U.S. Senator,,VA,,"Feb. 26, 2007",,,,,TRUE,"U.S. Sen. John Warner (VA) (Feb. 26, 2007)"
2008R,2008,R,McCain,Spencer Bachus,U.S. Representative,,AL,6,"Jan. 25, 2007",,,,http://p2008.org/cands08/endorse/endsb012507.html,TRUE,"U.S. Rep. Spencer Bachus (AL-6) (Jan. 25, 2007) +"
2008R,2008,R,McCain,Rick Renzi,U.S. Representative,,AZ,1,"Jan. 10, 2007","(see for ex. Jan. 10 article in The Hill; however Renzi, under investigation, is not on the list on McCain's website)",,,,FALSE,"??U.S. Rep. Rick Renzi (AZ-1) (see for ex. Jan. 10 article in The Hill; however Renzi, under investigation, is not on the list on McCain's website)"
2008R,2008,R,McCain,John Shadegg,U.S. Representative,,AZ,3,,"The Hill reports Jan. 10, 2007 that ""he hads been buttonholing fellow House Republicans on the Arizona senator's behalf""",,,,TRUE,"U.S. Rep. John Shadegg (AZ-3) (The Hill reports Jan. 10, 2007 that ""he hads been buttonholing fellow House Republicans on the Arizona senator's behalf"")"
2008R,2008,R,McCain,Jeff Flake,U.S. Representative,,AZ,6,"Dec. 28, 2006",reported in Arizona Republic,,,,TRUE,"U.S. Rep. Jeff Flake (AZ-6) (Dec. 28, 2006; reported in Arizona Republic)"
2008R,2008,R,McCain,Dan Lungren,U.S. Representative,,CA,3,"Jan. 31, 2007",,,,,TRUE,"U.S. Rep. Dan Lungren (CA-3) (Jan. 31, 2007)"
2008R,2008,R,McCain,Darrell Issa,U.S. Representative,,CA,49,"Feb. 2, 2008",,,,,TRUE,"U.S. Rep. Darrell Issa (CA-49) (Feb. 2, 2008)"
2008R,2008,R,McCain,Christopher Shays,U.S. Representative,,CT,4,"Feb. 8, 2007",,,,,TRUE,"U.S. Rep. Christopher Shays (CT-4) (Feb. 8, 2007)"
2008R,2008,R,McCain,Mike Castle,U.S. Representative,,DE,,"Feb. 20, 2007",,,,,TRUE,"U.S. Rep. Mike Castle (DE) (Feb. 20, 2007)"
2008R,2008,R,McCain,Jeff Miller,U.S. Representative,,FL,1,"Jan. 24, 2008",,,,,TRUE,"U.S. Rep. Jeff Miller (FL-1) (Jan. 24, 2008)"
2008R,2008,R,McCain,Ric Keller,U.S. Representative,,FL,8,"Feb. 6, 2007",,,,http://p2008.org/cands08/endorse/endrk020607.html,TRUE,"U.S. Rep. Ric Keller (FL-8) (Feb. 6, 2007) +"
2008R,2008,R,McCain,Ileana Ros-Lehtinen,U.S. Representative,,FL,18,"Feb. 1, 2007",,,,http://p2008.org/cands08/endorse/endcuban020107.html,TRUE,"U.S. Rep. Ileana Ros-Lehtinen (FL-18) (Feb. 1, 2007) +"
2008R,2008,R,McCain,Lincoln Diaz-Balart,U.S. Representative,,FL,21,"Feb. 1, 2007",,,,,TRUE,"U.S. Rep. Lincoln Diaz-Balart (FL-21) (Feb. 1, 2007)"
2008R,2008,R,McCain,Mario Diaz-Balart,U.S. Representative,,FL,25,"Feb. 1, 2007",,,,,TRUE,"U.S. Rep. Mario Diaz-Balart (FL-25) (Feb. 1, 2007)"
2008R,2008,R,McCain,Peter Roskam,U.S. Representative,,IL,6,"Nov. 13, 2007",,,,,TRUE,"U.S. Rep. Peter Roskam (IL-6) (Nov. 13, 2007)"
2008R,2008,R,McCain,Mark Kirk,U.S. Representative,,IL,10,"Jan. 31, 2007",,,,,TRUE,"U.S. Rep. Mark Kirk (IL-10) (Jan. 31, 2007)"
2008R,2008,R,McCain,Ray LaHood,U.S. Representative,,IL,18,for ex. Jan. 10 article in The Hill,,,,,TRUE,U.S. Rep. Ray LaHood (IL-18) (for ex. Jan. 10 article in The Hill)
2008R,2008,R,McCain,John Shimkus,U.S. Representative,,IL,19,"Jan. 31, 2007",,,,,TRUE,"U.S. Rep. John Shimkus (IL-19) (Jan. 31, 2007)"
2008R,2008,R,McCain,Fred Upton,U.S. Representative,,MI,6,"Jan. 31, 2007",,,,,TRUE,"U.S. Rep. Fred Upton (MI-6) (Jan. 31, 2007)"
2008R,2008,R,McCain,Chip Pickering,U.S. Representative,,MS,3,"Feb. 22, 2007",,,,,TRUE,"U.S. Rep. Chip Pickering (MS-3) (Feb. 22, 2007)"
2008R,2008,R,McCain,Frank LoBiondo,U.S. Representative,,NJ,2,"Feb. 2, 2008",previously backed Giuliani,,,,TRUE,"U.S. Rep. Frank LoBiondo (NJ-2) (Feb. 2, 2008; previously backed Giuliani)"
2008R,2008,R,McCain,Peter King,U.S. Representative,,NY,3,"Feb. 2, 2008",previously backed Giuliani,,,,TRUE,"U.S. Rep. Peter King (NY-3) (Feb. 2, 2008; previously backed Giuliani)"
2008R,2008,R,McCain,Randy Kuhl,U.S. Representative,,NY,29,"Feb. 2, 2008",,,,,TRUE,"U.S. Rep. Randy Kuhl (NY-29) (Feb. 2, 2008)"
2008R,2008,R,McCain,Steven LaTourette,U.S. Representative,,OH,14,"Feb. 7, 2007",,,,http://p2008.org/cands08/endorse/endsl020707.html,TRUE,"U.S. Rep. Steven LaTourette (OH-14) (Feb. 7, 2007) +"
2008R,2008,R,McCain,Deborah Pryce,U.S. Representative,,OH,15,"Feb. 2, 2008",,,,,TRUE,"U.S. Rep. Deborah Pryce (OH-15) (Feb. 2, 2008)"
2008R,2008,R,McCain,Jim Gerlach,U.S. Representative,,PA,6,"Feb. 2, 2008",previously backed Giuliani,,,,TRUE,"U.S. Rep. Jim Gerlach (PA-6) (Feb. 2, 2008; previously backed Giuliani)"
2008R,2008,R,McCain,Todd Platts,U.S. Representative,,PA,19,"Mar. 22, 2007",,,,,TRUE,"U.S. Rep. Todd Platts (PA-19) (Mar. 22, 2007)"
2008R,2008,R,McCain,Joe Wilson,U.S. Representative,,SC,2,"Jan. 22, 2008",,,,,TRUE,"U.S. Rep. Joe Wilson (SC-2) (Jan. 22, 2008)"
2008R,2008,R,McCain,Tom Davis,U.S. Representative,,VA,11,"Jan. 15, 2008",,,,,TRUE,"U.S. Rep. Tom Davis (VA-11) (Jan. 15, 2008)"
2008R,2008,R,Romney,Matt Blunt,Governor,,MO,,"Dec. 5, 2006",,,,,TRUE,"Gov. Matt Blunt (MO) (Dec. 5, 2006)"
2008R,2008,R,Romney,Dave Heineman,Governor,,NE,,"Dec. 13, 2007",,,,,TRUE,"Gov. Dave Heineman (NE) (Dec. 13, 2007)"
2008R,2008,R,Romney,Don Carcieri,Governor,,RI,,"Mar. 13, 2007",,,,,TRUE,"Gov. Don Carcieri (RI) (Mar. 13, 2007)"
2008R,2008,R,Romney,Lisa Murkowski,U.S. Senator,,AK,,"Feb. 2, 2008",,,,,TRUE,"U.S. Sen. Lisa Murkowski (AK) (Feb. 2, 2008)"
2008R,2008,R,Romney,Wayne Allard,U.S. Senator,,CO,,"Apr. 16, 2007",,,,,TRUE,"U.S. Sen. Wayne Allard (CO) (Apr. 16, 2007)"
2008R,2008,R,Romney,Larry Craig,U.S. Senator,,ID,,"Feb. 8, 2007","[Craig resigned campaign position Sept. 1, 2007]",,,,TRUE,"U.S. Sen. Larry Craig (ID) (Feb. 8, 2007)"
2008R,2008,R,Romney,Thad Cochran,U.S. Senator,,MS,,"Jan. 23, 2008",previously backed FThompson,,,,TRUE,"U.S. Sen. Thad Cochran (MS) (Jan. 23, 2008; previously backed FThompson)"
2008R,2008,R,Romney,Judd Gregg,U.S. Senator,,NH,,"Oct. 29, 2007",,,,,TRUE,"U.S. Sen. Judd Gregg (NH) (Oct. 29, 2007)"
2008R,2008,R,Romney,Jim DeMint,U.S. Senator,,SC,,"Jan. 9, 2007",,,,,TRUE,"U.S. Sen. Jim DeMint (SC) (Jan. 9, 2007)"
2008R,2008,R,Romney,Bob Bennett,U.S. Senator,,UT,,"Feb. 8, 2007",,,,,TRUE,"U.S. Sen. Bob Bennett (UT) (Feb. 8, 2007)"
2008R,2008,R,Romney,Orrin Hatch,U.S. Senator,,UT,,"Mar. 19, 2007",,,,,TRUE,"U.S. Sen. Orrin Hatch (UT) (Mar. 19, 2007)"
2008R,2008,R,Romney,Mike Rogers,U.S. Representative,,AL,3,,,,,,TRUE,U.S. Rep. Mike Rogers (AL-3)
2008R,2008,R,Romney,Robert B. Aderholt,U.S. Representative,,AL,4,"Feb. 6, 2007",,,,,TRUE,"U.S. Rep. Robert B. Aderholt (AL-4) (Feb. 6, 2007)"
2008R,2008,R,Romney,Wally Herger,U.S. Representative,,CA,2,"Dec. 21, 2007",,,,,TRUE,"U.S. Rep. Wally Herger (CA-2) (Dec. 21, 2007)"
2008R,2008,R,Romney,"Howard ""Buck"" McKeon",U.S. Representative,,CA,25,"Jan. 17, 2007",,,,,TRUE,"U.S. Rep. Howard ""Buck"" McKeon (CA-25) (Jan. 17, 2007)"
2008R,2008,R,Romney,Dana Rohrabacher,U.S. Representative,,CA,46,"Jan. 22, 2008",,,,,TRUE,"U.S. Rep. Dana Rohrabacher (CA-46) (Jan. 22, 2008)"
2008R,2008,R,Romney,John Campbell,U.S. Representative,,CA,48,,,,,,TRUE,U.S. Rep. John Campbell (CA-48)
2008R,2008,R,Romney,Brian Bilbray,U.S. Representative,,CA,50,"Jan. 31, 2007",,,,,TRUE,"U.S. Rep. Brian Bilbray (CA-50) (Jan. 31, 2007)"
2008R,2008,R,Romney,Tom Tancredo,U.S. Representative,,CO,6,"Dec. 20, 2007",,,,,TRUE,"U.S. Rep. Tom Tancredo (CO-6) (Dec. 20, 2007)"
2008R,2008,R,Romney,Ander Crenshaw,U.S. Representative,,FL,4,"Jan. 21, 2008",,,,,FALSE,"U.S. Rep Ander Crenshaw (FL-4) (Jan. 21, 2008)"
2008R,2008,R,Romney,Ginny Brown-Waite,U.S. Representative,,FL,5,,,,,,TRUE,U.S. Rep. Ginny Brown-Waite (FL-5)
2008R,2008,R,Romney,Connie Mack,U.S. Representative,,FL,14,"Oct. 17, 2007",,,,,TRUE,"U.S. Rep. Connie Mack (FL-14) (Oct. 17, 2007)"
2008R,2008,R,Romney,Tom Feeney,U.S. Representative,,FL,24,"Jan. 19, 2007",,,,,TRUE,"U.S. Rep. Tom Feeney (FL-24) (Jan. 19, 2007)"
2008R,2008,R,Romney,Jack Kingston,U.S. Representative,,GA,1,"Dec. 18, 2007",,,,,TRUE,"U.S. Rep. Jack Kingston (GA-1) (Dec. 18, 2007)"
2008R,2008,R,Romney,Lynn Westmoreland,U.S. Representative,,GA,3,"Jan. 31, 2008",,,,,TRUE,"U.S. Rep. Lynn Westmoreland (GA-3) (Jan. 31, 2008)"
2008R,2008,R,Romney,Tom Price,U.S. Representative,,GA,6,,,,,,TRUE,U.S. Rep. Tom Price (GA-6)
2008R,2008,R,Romney,John Linder,U.S. Representative,,GA,7,"Feb. 6, 2007",,,,,TRUE,"U.S. Rep. John Linder (GA-7) (Feb. 6, 2007)"
2008R,2008,R,Romney,Phil Gingrey,U.S. Representative,,GA,11,,,,,,TRUE,U.S. Rep. Phil Gingrey (GA-11)
2008R,2008,R,Romney,Mike Simpson,U.S. Representative,,ID,2,,,,,,TRUE,U.S. Rep. Mike Simpson (ID-2)
2008R,2008,R,Romney,Dennis Hastert,"U.S. Representative, Former Speaker",,IL,14,"Jan. 23, 2007","*Hastert resigned effective Nov. 26, 2007.",,,http://p2008.org/cands08/endorse/enddh012307.html,TRUE,"U.S. Rep. and Former Speaker Dennis Hastert (IL-14)* (Jan. 23, 2007) +"
2008R,2008,R,Romney,Ed Whitfield,U.S. Representative,,KY,1,"Feb. 2, 2007",,,,,TRUE,"U.S. Rep. Ed Whitfield (KY-1) (Feb. 2, 2007)"
2008R,2008,R,Romney,Ron Lewis,U.S. Representative,,KY,2,"Feb. 2, 2007",,,,,TRUE,"U.S. Rep. Ron Lewis (KY-2) (Feb. 2, 2007)"
2008R,2008,R,Romney,Hal Rogers,U.S. Representative,,KY,5,"Feb. 2, 2007",,,,http://p2008.org/cands08/endorse/endhr020607.html,TRUE,"U.S. Rep. Hal Rogers (KY-5) (Feb. 2, 2007) +"
2008R,2008,R,Romney,Jim McCrery,U.S. Representative,,LA,4,"Jan. 17, 2007",,,,http://p2008.org/cands08/endorse/endjm011707.html,FALSE,"U.S. Rep. Jim McCrery (LA-4) (Jan. 17, 2007) +, +"
2008R,2008,R,Romney,Rodney Alexander,U.S. Representative,,LA,5,,,,,,TRUE,U.S. Rep. Rodney Alexander (LA-5)
2008R,2008,R,Romney,Pete Hoekstra,U.S. Representative,,MI,2,"Jan. 24, 2007",,,,http://p2008.org/cands08/endorse/endph012407.html,TRUE,"U.S. Rep. Pete Hoekstra (MI-2) (Jan. 24, 2007) +"
2008R,2008,R,Romney,Vernon Ehlers,U.S. Representative,,MI,3,"Aug. 14, 2007",,,,,TRUE,"U.S. Rep. Vernon Ehlers (MI-3) (Aug. 14, 2007)"
2008R,2008,R,Romney,Dave Camp,U.S. Representative,,MI,4,"Jan. 17, 2007",,,,,TRUE,"U.S. Rep. Dave Camp (MI-4) (Jan. 17, 2007)"
2008R,2008,R,Romney,Joe Knollenberg,U.S. Representative,,MI,9,"Aug. 23, 2006...first to announce",,,,,TRUE,"U.S. Rep. Joe Knollenberg (MI-9) (Aug. 23, 2006...first to announce)"
2008R,2008,R,Romney,Mike Ferguson,U.S. Representative,,NJ,7,"Feb. 2, 2008",,,,,TRUE,"U.S. Rep. Mike Ferguson (NJ-7) (Feb. 2, 2008)"
2008R,2008,R,Romney,Virginia Foxx,U.S. Representative,,NC,5,"Dec. 21, 2007",,,,,TRUE,"U.S. Rep. Virginia Foxx (NC-5) (Dec. 21, 2007)"
2008R,2008,R,Romney,Howard Coble,U.S. Representative,,NC,6,"Feb. 4, 2008",,,,,TRUE,"U.S. Rep. Howard Coble (NC-6) (Feb. 4, 2008)"
2008R,2008,R,Romney,Ralph Regula,U.S. Representative,,OH,16,,,,,,TRUE,U.S. Rep. Ralph Regula (OH-16)
2008R,2008,R,Romney,Bill Shuster,U.S. Representative,,PA,9,,,,,,TRUE,U.S. Rep. Bill Shuster (PA-9)
2008R,2008,R,Romney,John Duncan Jr.,U.S. Representative,,TN,2,,,,,,FALSE,"U.S. Rep. John Duncan Jr. (TN-2) (Duncan threw his support behind Romney in late Jan./early Feb. 2007, but on Mar. 19, 2007 was announced as a co-chair of Draft Fred Thompson and has said he will support Thompson if he gets in the race)."
2008R,2008,R,Romney,Marsha Blackburn,U.S. Representative,,TN,7,,,,,,FALSE,"U.S. Rep. Marsha Blackburn (TN-7) (announced as a senior advisor to Romney on Jan. 5, 2007; switched support to not-yet-announced probable candidate former Sen. Fred Thompson on May 25, 2007; re-annonced support on Jan. 28, 2008))"
2008R,2008,R,Romney,Mike Conaway,U.S. Representative,,TX,11,"Mar. 7, 2007",,,,,TRUE,"U.S. Rep. Mike Conaway (TX-11) (Mar. 7, 2007)"
2008R,2008,R,Romney,Kay Granger,U.S. Representative,,TX,12,"Sept. 25, 2007",,,,,TRUE,"U.S. Rep. Kay Granger (TX-12) (Sept. 25, 2007)"
2008R,2008,R,Romney,Lamar Smith,U.S. Representative,,TX,21,25-Jul-07,,,,,TRUE,"U.S. Rep. Lamar Smith (TX-21) (July 25, 2007)"
2008R,2008,R,Romney,John Carter,U.S. Representative,,TX,31,"Dec. 20, 2007",,,,,TRUE,"U.S. Rep. John Carter (TX-31) (Dec. 20, 2007)"
2008R,2008,R,Romney,Rob Bishop,U.S. Representative,,UT,1,"Feb. 1, 2008",,,,,TRUE,"U.S. Rep. Rob Bishop (UT-1) (Feb. 1, 2008)"
2008R,2008,R,Romney,Chris Cannon,U.S. Representative,,UT,3,"Nov. 1, 2007",,,,,TRUE,"U.S. Rep. Chris Cannon (UT-3) (Nov. 1, 2007)"
2008R,2008,R,Romney,Tom Petri,U.S. Representative,,WI,6,"Aug. 27, 2007",,,,,TRUE,"U.S. Rep. Tom Petri (WI-6) (Aug. 27, 2007)"
2008R,2008,R,Guiliani,Rick Perry,Governor,,TX,,"Oct. 17, 2007",,,,http://p2008.org/giuliani/giuliani101707prtx.html,TRUE,"Gov. Rick Perry (TX) (Oct. 17, 2007) +"
2008R,2008,R,Guiliani,David Vitter,U.S. Senator,,LA,,"Mar. 13, 2007",,,,http://p2008.org/cands08/endorse/vitter031207.html,TRUE,"U.S. Sen. David Vitter (LA) (Mar. 13, 2007) +"
2008R,2008,R,Guiliani,Norm Coleman,U.S. Senator,,MN,,"Nov. 1, 2007",,,,,TRUE,"U.S. Sen. Norm Coleman (MN) (Nov. 1, 2007)"
2008R,2008,R,Guiliani,Kit Bond,U.S. Senator,,MO,,"Nov. 2, 2007",,,,,TRUE,"U.S. Sen. Kit Bond (MO) (Nov. 2, 2007)"
2008R,2008,R,Guiliani,George Radanovich,U.S. Representative,,CA,19,"Mar. 29, 2007",,,,,TRUE,"U.S. Rep. George Radanovich (CA-19) (Mar. 29, 2007)"
2008R,2008,R,Guiliani,Devin Nunes,U.S. Representative,,CA,21,"Feb. 9, 2007",,,,,TRUE,"U.S. Rep. Devin Nunes (CA-21) (Feb. 9, 2007)"
2008R,2008,R,Guiliani,David Dreier,U.S. Representative,,CA,26,"Feb. 13, 2007",,,,http://p2008.org/cands08/endorse/enddd021307.html,TRUE,"U.S. Rep. David Dreier (CA-26) (Feb. 13, 2007) +"
2008R,2008,R,Guiliani,Ed Royce,U.S. Representative,,CA,40,"Mar. 24, 2007",,,,,TRUE,"U.S. Rep. Ed Royce (CA-40) (Mar. 24, 2007)"
2008R,2008,R,Guiliani,Jerry Lewis,U.S. Representative,,CA,41,"Mar. 13, 2007",,,,,TRUE,"U.S. Rep. Jerry Lewis (CA-41) (Mar. 13, 2007)"
2008R,2008,R,Guiliani,Mary Bono,U.S. Representative,,CA,45,,"reported by the Desert Sun [Palm Springs] on Jan. 24, 2007",,,,TRUE,"U.S. Rep. Mary Bono (CA-45) (reported by the Desert Sun [Palm Springs] on Jan. 24, 2007)"
2008R,2008,R,Guiliani,Jerry Weller,U.S. Representative,,IL,11,30-Jul-07,,,,,TRUE,"U.S. Rep. Jerry Weller (IL-11) (July 30, 2007)"
2008R,2008,R,Guiliani,Judy Biggert,U.S. Representative,,IL,13,30-Jul-07,,,,,TRUE,"U.S. Rep. Judy Biggert (IL-13) (July 30, 2007)"
2008R,2008,R,Guiliani,Charles Boustany,U.S. Representative,,LA,7,"Mar. 26, 2007",,,,,TRUE,"U.S. Rep. Charles Boustany (LA-7) (Mar. 26, 2007)"
2008R,2008,R,Guiliani,Candice Miller,U.S. Representative,,MI,10,"Feb. 8, 2007",,,,http://p2008.org/cands08/endorse/endcm020807.html,TRUE,"U.S. Rep. Candice Miller (MI-10) (Feb. 8, 2007) +"
2008R,2008,R,Guiliani,Jo Ann Emerson,U.S. Representative,,MO,8,"Oct. 22, 2007",,,,,TRUE,"U.S. Rep. Jo Ann Emerson (MO-8) (Oct. 22, 2007)"
2008R,2008,R,Guiliani,Jon Porter,U.S. Representative,,NV,3,"Apr. 27, 2007",,,,,TRUE,"U.S. Rep. Jon Porter (NV-3) (Apr. 27, 2007)"
2008R,2008,R,Guiliani,Frank LoBiondo,U.S. Representative,,NJ,2,"Mar. 9, 2007",,,,,TRUE,"U.S. Rep. Frank LoBiondo (NJ-2) (Mar. 9, 2007)"
2008R,2008,R,Guiliani,Peter King,U.S. Representative,,NY,3,,"Newsday, Jan. 30, 2007",,,,TRUE,"U.S. Rep. Peter King (NY-3) (Newsday, Jan. 30, 2007)"
2008R,2008,R,Guiliani,Vito Fossella,U.S. Representative,,NY,13,,"Newsday, Jan. 30, 2007",,,,TRUE,"U.S. Rep. Vito Fossella (NY-13) (Newsday, Jan. 30, 2007)"
2008R,2008,R,Guiliani,Jim Walsh,U.S. Representative,,NY,25,"Mar. 7, 2007",,,,,TRUE,"U.S. Rep. Jim Walsh (NY-25) (Mar. 7, 2007)"
2008R,2008,R,Guiliani,Phil English,U.S. Representative,,PA,3,31-Jul-07,,,,,TRUE,"U.S. Rep. Phil English (PA-3) (July 31, 2007)"
2008R,2008,R,Guiliani,Jim Gerlach,U.S. Representative,,PA,6,31-Jul-07,,,,,TRUE,"U.S. Rep. Jim Gerlach (PA-6) (July 31, 2007)"
2008R,2008,R,Guiliani,Charlie Dent,U.S. Representative,,PA,15,"Feb. 22, 2007",,,,http://p2008.org/cands08/endorse/endcd022207.html,TRUE,"U.S. Rep. Charlie Dent (PA-15) (Feb. 22, 2007) +"
2008R,2008,R,Guiliani,Pete Sessions,U.S. Representative,,TX,32,"Newsday, Jan. 30, 2007","announced Feb. 12, 2007",,,,TRUE,"U.S. Rep. Pete Sessions (TX-32) (Newsday, Jan. 30, 2007; announced Feb. 12, 2007)"
2008R,2008,R,Guiliani,Dave Reichert,U.S. Representative,,WA,8,15-Jun-07,,,,,TRUE,"U.S. Rep. Dave Reichert (WA-8) (June 15, 2007)"
2008R,2008,R,Guiliani,Luis G. Fortuño,U.S. Representative,,PR,,2-Aug-07,,,,,TRUE,"U.S. Rep. Luis G. Fortu√±o (PR) (August 2, 2007)"
2008R,2008,R,F.Thompson,Thad Cochran,U.S. Senator,,MS,,"Sept. 13, 2007",,,,,TRUE,"U.S. Sen. Thad Cochran (MS) (Sept. 13, 2007)"
2008R,2008,R,F.Thompson,Jim Inhofe,U.S. Senator,,OK,,"Oct. 10, 2007",,,,http://p2008.org/fthompson/fthompson101007pr.html,TRUE,"U.S. Sen. Jim Inhofe (OK) (Oct. 10, 2007) +"
2008R,2008,R,F.Thompson,Lamar Alexander,U.S. Senator,,TN,,,,,,,TRUE,U.S. Sen. Lamar Alexander (TN)
2008R,2008,R,F.Thompson,Bob Corker,U.S. Senator,,TN,,,,,,,TRUE,U.S. Sen. Bob Corker (TN)
2008R,2008,R,F.Thompson,Jeff Miller,U.S. Representative,,FL,1,15-May-07,,,,,TRUE,"U.S. Rep. Jeff Miller (FL-1) (May 15, 2007)"
2008R,2008,R,F.Thompson,Adam Putnam,U.S. Representative,,FL,12,5-Jun-07,,,,,TRUE,"U.S. Rep. Adam Putnam (FL-12) (June 5, 2007)"
2008R,2008,R,F.Thompson,Dan Manzullo,U.S. Representative,,IL,16,15-May-07,,,,,TRUE,"U.S. Rep. Dan Manzullo (IL-16) (May 15, 2007)"
2008R,2008,R,F.Thompson,Steve Buyer,U.S. Representative,,IN,4,31-May-07,,,,,TRUE,"U.S. Rep. Steve Buyer (IN-4) (May 31, 2007)"
2008R,2008,R,F.Thompson,Steve King,U.S. Representative,,IA,5,"Dec. 17, 2007",,,,http://p2008.org/fthompson/fthomp121707pria.html,TRUE,"U.S. Rep. Steve King (IA-5) (Dec. 17, 2007) +"
2008R,2008,R,F.Thompson,Thaddeus McCotter,U.S. Representative,,MI,11,"see June 21, 2007 The Hill",,,,,TRUE,"U.S. Rep. Thaddeus McCotter (MI-11) (see June 21, 2007 The Hill)"
2008R,2008,R,F.Thompson,Roger Wicker,U.S. Representative,,MS,1,"Sept. 6, 2007",,,,,TRUE,"U.S. Rep. Roger Wicker (MS-1) (Sept. 6, 2007)"
2008R,2008,R,F.Thompson,Lee Terry,U.S. Representative,,NE,2,,,,,,TRUE,U.S. Rep. Lee Terry (NE-2)
2008R,2008,R,F.Thompson,John Sullivan,U.S. Representative,,OK,1,"Oct. 10, 2007",,,,,TRUE,"U.S. Rep. John Sullivan (OK-1) (Oct. 10, 2007)"
2008R,2008,R,F.Thompson,Gresham Barrett,U.S. Representative,,SC,3,"May 15, 2007/Sept. 25, 2007",,,,,TRUE,"U.S. Rep. Gresham Barrett (SC-3) (May 15, 2007/Sept. 25, 2007)"
2008R,2008,R,F.Thompson,David Davis,U.S. Representative,,TN,1,,,,,,TRUE,U.S. Rep. David Davis (TN-1)
2008R,2008,R,F.Thompson,"John J. Duncan, Jr. (TN-2)*",U.S. Representative,,19-Mar-07,,,,,,,TRUE,"U.S. Rep. John J. Duncan, Jr. (TN-2)* (March 19, 2007)"
2008R,2008,R,F.Thompson,Marsha Blackburn (TN-7)*,U.S. Representative,,25-May-07,,,,,,,TRUE,"U.S. Rep. Marsha Blackburn (TN-7)* (May 25, 2007)"
2008R,2008,R,F.Thompson,Zach Wamp,U.S. Representative,,TN,3,"Mar. 19, 2007",,,,http://p2008.org/fthompson/draftfred031907pr.html,TRUE,"U.S. Rep. Zach Wamp (TN-3) (Mar. 19, 2007) +"
2008R,2008,R,F.Thompson,Louie Gohmert,U.S. Representative,,TX,1,,"See. Jonathan Allen. ""Some House Backers of Thompson Are Starting to Lose the Faith."" CQ, Nov. 19, 2007.",,,,TRUE,U.S. Rep. Louie Gohmert (TX-1)
2008R,2008,R,Hunter,Terry Everett,U.S. Representative,,AL,2,"Jan. 25, 2007",,,,http://p2008.org/cands08/endorse/endte012507.html,TRUE,"U.S. Rep. Terry Everett (AL-2) (Jan. 25, 2007) +"
2008R,2008,R,Hunter,Trent Franks,U.S. Representative,,AZ,2,"Oct. 30, 2006",,,,http://p2008.org/hunter/hunter103006spt.html,TRUE,"U.S. Rep. Trent Franks (AZ-2) (Oct. 30, 2006) +"
2008R,2008,R,Hunter,C.W. Bill Young,U.S. Representative,,FL,10,Feb. 2007,,,,,TRUE,U.S. Rep. C.W. Bill Young (FL-10) (Feb. 2007)
2008R,2008,R,Hunter,Jim Saxton,U.S. Representative,,NJ,3,,,,,,TRUE,U.S. Rep. Jim Saxton (NJ-3)
2008R,2008,R,Hunter,Ralph Hall,U.S. Representative,,TX,4,,from the start,,,,TRUE,U.S. Rep. Ralph Hall (TX-4) (from the start)
2008R,2008,R,Hunter,John Culberson,U.S. Representative,,TX,7,,,,,,TRUE,U.S. Rep. John Culberson (TX-7)
2008R,2008,R,Brownback,Todd Tiahrt,U.S. Representative,,KS,4,,from the beginning of the campaign,,,,TRUE,U.S. Rep. Todd Tiahrt (KS-4) (from the beginning of the campaign)
2008R,2008,R,Brownback,Pat Roberts,U.S. Senator,,KS,,,,,,,FALSE,??U.S. Sen. Pat Roberts (KS)
2008D,2008,D,Clinton,Mike Beebe,Governor,,AR,,"Aug. 20, 2007",,,,,TRUE,"Gov. Mike Beebe (AR) (Aug. 20, 2007)"
2008D,2008,D,Clinton,Ruth Ann Minner,Governor,,DE,,"Jan. 9, 2008",previously backed Biden,,,,TRUE,"Gov. Ruth Ann Minner (DE) (Jan. 9, 2008; previously backed Biden)"
2008D,2008,D,Clinton,John Baldacci,Governor,,ME,,"Dec. 15, 2007",,,,,TRUE,"Gov. John Baldacci (ME) (Dec. 15, 2007)"
2008D,2008,D,Clinton,Martin O'Malley,Governor,,MD,,9-Apr-07,,,,,TRUE,"Gov. Martin O'Malley (MD) (April 9, 2007)"
2008D,2008,D,Clinton,Jennifer Granholm,Governor,,MI,,"Oct. 19, 2007",,,,,TRUE,"Gov. Jennifer Granholm (MI) (Oct. 19, 2007)"
2008D,2008,D,Clinton,Jon Corzine,Governor,,NJ,,2-Apr-07,,,,,TRUE,"Gov. Jon Corzine (NJ) (April 2, 2007)"
2008D,2008,D,Clinton,Eliot Spitzer,Governor,,NY,,14-May-07,,,,,TRUE,"Gov. Eliot Spitzer (NY) (May 14, 2007)"
2008D,2008,D,Clinton,Ted Kulongoski,Governor,,OR,,"Dec. 13, 2007",,,,,TRUE,"Gov. Ted Kulongoski (OR) (Dec. 13, 2007)"
2008D,2008,D,Clinton,Ted Strickland,Governor,,OH,,"Nov. 9, 2007",,,,,TRUE,"Gov. Ted Strickland (OH) (Nov. 9, 2007)"
2008D,2008,D,Clinton,Ed Rendell,Governor,,PA,,"Jan. 24, 2008",,,,,TRUE,"Gov. Ed Rendell (PA) (Jan. 24, 2008)"
2008D,2008,D,Clinton,Togiola T.A. Tulafono,Governor,,AS,,"Jan. 11, 2008",,,,,TRUE,"Gov. Togiola T.A. Tulafono (AS) (Jan. 11, 2008)"
2008D,2008,D,Clinton,Mark Pryor,U.S. Senator,,AR,,22-Jun-07,,,,,TRUE,"U.S. Sen. Mark Pryor (AR) (June 22, 2007)"
2008D,2008,D,Clinton,Dianne Feinstein,U.S. Senator,,CA,,25-Jul-07,,,,,TRUE,"U.S. Sen. Dianne Feinstein (CA) (July 25, 2007)"
2008D,2008,D,Clinton,Daniel Inouye,U.S. Senator,,HI,,25-May-07,,,,,TRUE,"U.S. Sen. Daniel Inouye (HI) (May 25, 2007)"
2008D,2008,D,Clinton,Evan Bayh,U.S. Senator,,IN,,"Sept. 24, 2007",,,,,TRUE,"U.S. Sen. Evan Bayh (IN) (Sept. 24, 2007)"
2008D,2008,D,Clinton,Debbie Stabenow,U.S. Senator,,MI,,"Sept. 14, 2007",,,,,TRUE,"U.S. Sen. Debbie Stabenow (MI) (Sept. 14, 2007)"
2008D,2008,D,Clinton,Barbara Mikulski,U.S. Senator,,MD,,24-Apr-07,,,,,TRUE,"U.S. Sen. Barbara Mikulski (MD) (April 24, 2007)"
2008D,2008,D,Clinton,Bob Menendez,U.S. Senator,,NJ,,12-Jun-07,,,,,TRUE,"U.S. Sen. Bob Menendez (NJ) (June 12, 2007)"
2008D,2008,D,Clinton,Chuck Schumer,U.S. Senator,,NY,,"Dec. 8, 2006 Daily News",,,,,TRUE,"U.S. Sen. Chuck Schumer (NY) (Dec. 8, 2006 Daily News)"
2008D,2008,D,Clinton,Sheldon Whitehouse,U.S. Senator,,RI,,6-Jun-07,,,,,TRUE,"U.S. Sen. Sheldon Whitehouse (RI) (June 6, 2007)"
2008D,2008,D,Clinton,Patty Murray,U.S. Senator,,WA,,"Jan. 30, 2008",,,,,TRUE,"U.S. Sen. Patty Murray (WA) (Jan. 30, 2008)"
2008D,2008,D,Clinton,Maria Cantwell,U.S. Senator,,WA,,"Dec. 31, 2007",,,,,TRUE,"U.S. Sen. Maria Cantwell (WA) (Dec. 31, 2007)"
2008D,2008,D,Clinton,Marion Berry,U.S. Representative,,AR,1,22-Jun-07,,,,,TRUE,"U.S. Rep. Marion Berry (AR-1) (June 22, 2007)"
2008D,2008,D,Clinton,Vic Snyder,U.S. Representative,,AR,2,22-Jun-07,,,,,TRUE,"U.S. Rep. Vic Snyder (AR-2) (June 22, 2007)"
2008D,2008,D,Clinton,Mike Ross,U.S. Representative,,AR,4,22-Jun-07,,,,,TRUE,"U.S. Rep. Mike Ross (AR-4) (June 22, 2007)"
2008D,2008,D,Clinton,Ed Pastor,U.S. Representative,,AZ,4,"Jan. 20, 2008",,,,,FALSE,"U.S. Rep. Ed Pastor (AZ-4) (Jan. 20, 2008); previously backed Richardson)"
2008D,2008,D,Clinton,Mike Thompson,U.S. Representative,,CA,1,"Jan. 14, 2008",,,,,TRUE,"U.S. Rep. Mike Thompson (CA-1) (Jan. 14, 2008)"
2008D,2008,D,Clinton,Doris Matsui,U.S. Representative,,CA,5,16-May-07,,,,http://p2008.org/photos07/photo051607b.html,TRUE,"U.S. Rep. Doris Matsui (CA-5) (May 16, 2007) +"
2008D,2008,D,Clinton,Lynn Woolsey,U.S. Representative,,CA,6,"Dec. 27, 2007",,,,http://p2008.org/clinton/woolsey011108blog.html,TRUE,"U.S. Rep. Lynn Woolsey (CA-6) (Dec. 27, 2007) +"
2008D,2008,D,Clinton,Ellen Tauscher,U.S. Representative,,CA,10,18-Jul-07,,,,,TRUE,"U.S. Rep. Ellen Tauscher (CA-10) (July 18, 2007)"
2008D,2008,D,Clinton,Tom Lantos,U.S. Representative,,CA,12,early 2007,,,,,TRUE,U.S. Rep. Tom Lantos (CA-12) (early 2007)
2008D,2008,D,Clinton,Dennis Cardoza,U.S. Representative,,CA,18,"Dec. 8, 2007",,,,,TRUE,"U.S. Rep. Dennis Cardoza (CA-18) (Dec. 8, 2007)"
2008D,2008,D,Clinton,Brad Sherman,U.S. Representative,,CA,27,"Nov. 27, 2007",,,,,TRUE,"U.S. Rep. Brad Sherman (CA-27) (Nov. 27, 2007)"
2008D,2008,D,Clinton,Hilda Solis,U.S. Representative,,CA,32,"Oct. 17, 2007",,,,,TRUE,"U.S. Rep. Hilda Solis (CA-32) (Oct. 17, 2007)"
2008D,2008,D,Clinton,Diane Watson,U.S. Representative,,"CA-33 (Sept. 27, 2007",,,,,,,TRUE,"U.S. Rep. Diane Watson (CA-33 (Sept. 27, 2007)"
2008D,2008,D,Clinton,Lucille Roybal-Allard,U.S. Representative,,CA,34,27-Jun-07,,,,,TRUE,"U.S. Rep. Lucille Roybal-Allard (CA-34) (June 27, 2007)"
2008D,2008,D,Clinton,Maxine Waters,U.S. Representative,,CA,35,"Jan. 29, 2008",,,,,TRUE,"U.S. Rep. Maxine Waters (CA-35) (Jan. 29, 2008)"
2008D,2008,D,Clinton,Jane Harman,U.S. Representative,,CA,36,18-Jul-07,,,,,TRUE,"U.S. Rep. Jane Harman (CA-36) (July 18, 2007)"
2008D,2008,D,Clinton,Laura Richardson,U.S. Representative,,CA,37,"Sept. 13, 2007",,,,,TRUE,"U.S. Rep. Laura Richardson (CA-37) (Sept. 13, 2007)"
2008D,2008,D,Clinton,Grace Napolitano,U.S. Representative,,CA,38,early 2007,,,,,TRUE,U.S. Rep. Grace Napolitano (CA-38) (early 2007)
2008D,2008,D,Clinton,Joe Baca,U.S. Representative,,CA,43,"Jan. 22, 2008",,,,,TRUE,"U.S. Rep. Joe Baca (CA-43) (Jan. 22, 2008)"
2008D,2008,D,Clinton,Loretta Sanchez,U.S. Representative,,CA,47,"Jan. 18, 2008",,,,,TRUE,"U.S. Rep. Loretta Sanchez (CA-47) (Jan. 18, 2008)"
2008D,2008,D,Clinton,Diana DeGette,U.S. Representative,,CO,1,"Nov. 26, 2007",,,,,TRUE,"U.S. Rep. Diana DeGette (CO-1) (Nov. 26, 2007)"
2008D,2008,D,Clinton,Corrine Brown,U.S. Representative,,FL,3,25-Jun-07,,,,,TRUE,"U.S. Rep. Corrine Brown (FL-3) (June 25, 2007)"
2008D,2008,D,Clinton,Kendrick Meek,U.S. Representative,,FL,17,13-Jun-07,,,,,TRUE,"U.S. Rep. Kendrick Meek (FL-17) (June 13, 2007)"
2008D,2008,D,Clinton,Debbie Wasserman Schultz,U.S. Representative,,FL,20,"Feb. 20, 2007",,,,,TRUE,"U.S. Rep. Debbie Wasserman Schultz (FL-20) (Feb. 20, 2007)"
2008D,2008,D,Clinton,Alcee Hastings,U.S. Representative,,FL,23,"Feb. 20, 2007",,,,,TRUE,"U.S. Rep. Alcee Hastings (FL-23) (Feb. 20, 2007)"
2008D,2008,D,Clinton,John Lewis,U.S. Representative,,GA,5,"Oct. 12, 2007",,,,,TRUE,"U.S. Rep. John Lewis (GA-5) (Oct. 12, 2007)"
2008D,2008,D,Clinton,David Scott,U.S. Representative,,GA,13,13-Oct-07,,,,,TRUE,"U.S. Rep. David Scott (GA-13) (Oct, 13, 2007)"
2008D,2008,D,Clinton,Leonard Boswell,U.S. Representative,,IA,3,"Dec. 14, 2007",,,,,TRUE,"U.S. Rep. Leonard Boswell (IA-3) (Dec. 14, 2007)"
2008D,2008,D,Clinton,C.A. Dutch Ruppersberger,U.S. Representative,,MD,2,13-Jun-07,,,,,TRUE,"U.S. Rep. C.A. Dutch Ruppersberger (MD-2) (June 13, 2007)"
2008D,2008,D,Clinton,Richard Neal,U.S. Representative,,MA,2,8-May-07,,,,http://p2008.org/cands08/endorse/clinton050807prneal.html,TRUE,"U.S. Rep. Richard Neal (MA-2) (May 8, 2007) +"
2008D,2008,D,Clinton,Jim McGovern,U.S. Representative,,MA,3,"Mar. 29, 2007",,,,,TRUE,"U.S. Rep. Jim McGovern (MA-3) (Mar. 29, 2007)"
2008D,2008,D,Clinton,Barney Frank,U.S. Representative,,MA,4,"Nov. 13, 2007",,,,,TRUE,"U.S. Rep. Barney Frank (MA-4) (Nov. 13, 2007)"
2008D,2008,D,Clinton,Stephen Lynch,U.S. Representative,,MA,9,"Oct. 26, 2007",,,,,TRUE,"U.S. Rep. Stephen Lynch (MA-9) (Oct. 26, 2007)"
2008D,2008,D,Clinton,Emanuel Cleaver II,U.S. Representative,,MO,5,"Aug. 21, 2007",,,,,TRUE,"U.S. Rep. Emanuel Cleaver II (MO-5) (Aug. 21, 2007)"
2008D,2008,D,Clinton,Shelley Berkley,U.S. Representative,,NV,1,"Jan. 9, 2008",,,,,TRUE,"U.S. Rep. Shelley Berkley (NV-1) (Jan. 9, 2008)"
2008D,2008,D,Clinton,Rob Andrews,U.S. Representative,,NJ,1,2-Apr-07,,,,,TRUE,"U.S. Rep. Rob Andrews (NJ-1) (April 2, 2007)"
2008D,2008,D,Clinton,"Frank Pallone, Jr.",U.S. Representative,,NJ,6,2-Apr-07,,,,,TRUE,"U.S. Rep. Frank Pallone, Jr. (NJ-6) (April 2, 2007)"
2008D,2008,D,Clinton,Bill Pascrell,U.S. Representative,,NJ,8,"Aug. 16, 2007",,,,,TRUE,"U.S. Rep. Bill Pascrell (NJ-8) (Aug. 16, 2007)"
2008D,2008,D,Clinton,Donald Payne,U.S. Representative,,NJ,10,"Jan. 1, 2008",,,,,TRUE,"U.S. Rep. Donald Payne (NJ-10) (Jan. 1, 2008)"
2008D,2008,D,Clinton,Albio Sires,U.S. Representative,,NJ,13,22-Jun-07,,,,,TRUE,"U.S. Rep. Albio Sires (NJ-13) (June 22, 2007)"
2008D,2008,D,Clinton,Tim Bishop,U.S. Representative,,NY,1,,,,,,TRUE,U.S. Rep. Tim Bishop (NY-1)
2008D,2008,D,Clinton,Steve Israel,U.S. Representative,,NY,2,"Dec. 8, 2006 Daily News",,,,,TRUE,"U.S. Rep. Steve Israel (NY-2) (Dec. 8, 2006 Daily News)"
2008D,2008,D,Clinton,Carolyn McCarthy,U.S. Representative,,NY,4,"Dec. 8, 2006 Daily News",,,,,TRUE,"U.S. Rep. Carolyn McCarthy (NY-4) (Dec. 8, 2006 Daily News)"
2008D,2008,D,Clinton,Gary Ackerman,U.S. Representative,,NY,5,,,,,,TRUE,U.S. Rep. Gary Ackerman (NY-5)
2008D,2008,D,Clinton,Gregory Meeks,U.S. Representative,,NY,6,"Dec. 8, 2006 Daily News",,,,,TRUE,"U.S. Rep. Gregory Meeks (NY-6) (Dec. 8, 2006 Daily News)"
2008D,2008,D,Clinton,Joseph Crowley,U.S. Representative,,NY,7,"Dec. 8, 2006 Daily News",,,,,TRUE,"U.S. Rep. Joseph Crowley (NY-7) (Dec. 8, 2006 Daily News)"
2008D,2008,D,Clinton,Jerrold Nadler,U.S. Representative,,NY,8,28-Apr-06,,,,,TRUE,"U.S. Rep. Jerrold Nadler (NY-8) (April 28, 2006)"
2008D,2008,D,Clinton,Anthony Weiner,U.S. Representative,,NY,9,"Dec. 8, 2006 Daily News",,,,,TRUE,"U.S. Rep. Anthony Weiner (NY-9) (Dec. 8, 2006 Daily News)"
2008D,2008,D,Clinton,Edolphus Towns,U.S. Representative,,NY,10,"Dec. 8, 2006 Daily News",,,,,TRUE,"U.S. Rep. Edolphus Towns (NY-10) (Dec. 8, 2006 Daily News)"
2008D,2008,D,Clinton,Yvette Clarke,U.S. Representative,,NY,11,10-Jul-07,,,,,TRUE,"U.S. Rep. Yvette Clarke (NY-11) (July 10, 2007)"
2008D,2008,D,Clinton,Nydia Velazquez,U.S. Representative,,NY,12,"Dec. 8, 2006 Daily News",,,,,TRUE,"U.S. Rep. Nydia Velazquez (NY-12) (Dec. 8, 2006 Daily News)"
2008D,2008,D,Clinton,Carolyn Maloney,U.S. Representative,,NY,14,"Dec. 8, 2006 Daily News",,,,,TRUE,"U.S. Rep. Carolyn Maloney (NY-14) (Dec. 8, 2006 Daily News)"
2008D,2008,D,Clinton,Charles Rangel,U.S. Representative,,NY,15,"March 4, 2007 ""Fox News Sunday""",,,,,TRUE,"U.S. Rep. Charles Rangel (NY-15) (March 4, 2007 ""Fox News Sunday"")"
2008D,2008,D,Clinton,Jose Serrano,U.S. Representative,,NY,16,"Dec. 13, 2006 Daily News",,,,,TRUE,"U.S. Rep. Jose Serrano (NY-16) (Dec. 13, 2006 Daily News)"
2008D,2008,D,Clinton,Eliot Engel,U.S. Representative,,NY,17,"Dec. 8, 2006 Daily News",,,,,TRUE,"U.S. Rep. Eliot Engel (NY-17) (Dec. 8, 2006 Daily News)"
2008D,2008,D,Clinton,Nita Lowey,U.S. Representative,,NY,18,"Dec. 8, 2006 Daily News",,,,,TRUE,"U.S. Rep. Nita Lowey (NY-18) (Dec. 8, 2006 Daily News)"
2008D,2008,D,Clinton,John Hall,U.S. Representative,,NY,19,9-Apr-07,,,,,TRUE,"U.S. Rep. John Hall (NY-19) (April 9, 2007)"
2008D,2008,D,Clinton,Kirsten Gillibrand,U.S. Representative,,NY,20,,,,,,TRUE,U.S. Rep. Kirsten Gillibrand (NY-20)
2008D,2008,D,Clinton,Michael McNulty,U.S. Representative,,NY,21,"Dec. 8, 2006 Daily News",,,,,TRUE,"U.S. Rep. Michael McNulty (NY-21) (Dec. 8, 2006 Daily News)"
2008D,2008,D,Clinton,Maurice Hinchey,U.S. Representative,,NY,22,25-May-07,,,,,TRUE,"U.S. Rep. Maurice Hinchey (NY-22)(May 25, 2007)"
2008D,2008,D,Clinton,Michael Arcuri,U.S. Representative,,NY,24,"Jan. 20, 2007",,,,,TRUE,"U.S. Rep. Michael Arcuri (NY-24) (Jan. 20, 2007)"
2008D,2008,D,Clinton,Brian Higgins,U.S. Representative,,NY,27,"Dec. 8, 2006 Daily News",,,,,TRUE,"U.S. Rep. Brian Higgins (NY-27) (Dec. 8, 2006 Daily News)"
2008D,2008,D,Clinton,Louise Slaughter,U.S. Representative,,NY,28,,,,,,TRUE,U.S. Rep. Louise Slaughter (NY-28)
2008D,2008,D,Clinton,Stephanie Tubbs Jones,U.S. Representative,,OH,11,,support for presidential run goes back several years,,,,TRUE,U.S. Rep. Stephanie Tubbs Jones (OH-11) (support for presidential run goes back several years)
2008D,2008,D,Clinton,Darlene Hooley,U.S. Representative,,OR,5,"Aug. 6, 2007",,,,,TRUE,"U.S. Rep. Darlene Hooley (OR-5) (Aug. 6, 2007)"
2008D,2008,D,Clinton,Joe Sestak,U.S. Representative,,PA,7,25-May-07,,,,,TRUE,"U.S. Rep. Joe Sestak (PA-7) (May 25, 2007)"
2008D,2008,D,Clinton,Allyson Schwartz,U.S. Representative,,PA,13,"Mar. 19, 2007",,,,,TRUE,"U.S. Rep. Allyson Schwartz (PA-13) (Mar. 19, 2007)"
2008D,2008,D,Clinton,Jim Langevin,U.S. Representative,,RI,2,1-Jun-07,,,,,TRUE,"U.S. Rep. Jim Langevin (RI-2) (June 1, 2007)"
2008D,2008,D,Clinton,Ruben Hinojosa,U.S. Representative,,TX,15,"formally announced June 15, 2007",known earlier,,,,TRUE,"U.S. Rep. Ruben Hinojosa (TX-15) (formally announced June 15, 2007; known earlier)"
2008D,2008,D,Clinton,Silvestre Reyes,U.S. Representative,,TX,16,"Jan. 18, 2008",previously backed Richardson,,,,TRUE,"U.S. Rep. Silvestre Reyes (TX-16) (Jan. 18, 2008; previously backed Richardson)"
2008D,2008,D,Clinton,Sheila Jackson Lee,U.S. Representative,,TX,18,14-May-07,,,,,TRUE,"U.S. Rep. Sheila Jackson Lee (TX-18) (May 14, 2007)"
2008D,2008,D,Clinton,Solomon Ortiz,U.S. Representative,,TX,27,"Feb. 1, 2008",previously backed Richardson,,,,TRUE,"U.S. Rep. Solomon Ortiz (TX-27) (Feb. 1, 2008; previously backed Richardson)"
2008D,2008,D,Clinton,Henry Cuellar,U.S. Representative,,TX,28,15-Jun-07,,,,,TRUE,"U.S. Rep. Henry Cuellar (TX-28) (June 15, 2007)"
2008D,2008,D,Clinton,Gene Green,U.S. Representative,,TX,29,"Feb. 1, 2008",previously backed Richardson,,,,TRUE,"U.S. Rep. Gene Green (TX-29) (Feb. 1, 2008; previously backed Richardson)"
2008D,2008,D,Clinton,Jay Inslee,U.S. Representative,,WA,1,21-Jun-07,,,,,TRUE,"U.S. Rep. Jay Inslee (WA-1) (June 21, 2007)"
2008D,2008,D,Clinton,Tammy Baldwin,U.S. Representative,,WI,2,"Aug. 2, 2007",,,,,TRUE,"U.S. Rep. Tammy Baldwin (WI-2) (Aug. 2, 2007)"
2008D,2008,D,Clinton,Donna M. Christensen,Delegate to Congress,,USVI,,"Sept. 16, 2007",,,,,FALSE,"Delegate to Congress Donna M. Christensen (USVI) (Sept. 16, 2007)"
2008D,2008,D,Obama,Janet Napolitano,Governor,,AZ,,"Jan. 11, 2008",,,,,TRUE,"Gov. Janet Napolitano (AZ) (Jan. 11, 2008)"
2008D,2008,D,Obama,Rod Blagojevich,Governor,,IL,,"Feb. 10, 2007",,,,http://p2008.org/cands08/endorse/endrb021007.html,TRUE,"Gov. Rod Blagojevich (IL) (Feb. 10, 2007) +"
2008D,2008,D,Obama,Kathleen Sebelius,Governor,,KS,,"Jan. 29, 2008",,,,,TRUE,"Gov. Kathleen Sebelius (KS) (Jan. 29, 2008)"
2008D,2008,D,Obama,Deval Patrick,Governor,,MA,,"reported Oct. 17, 2007",event Oct. 23,,,,TRUE,"Gov. Deval Patrick (MA) (reported Oct. 17, 2007; event Oct. 23)"
2008D,2008,D,Obama,Tim Kaine,Governor,,VA,,"Feb. 17, 2007",,,,,TRUE,"Gov. Tim Kaine (VA) (Feb. 17, 2007)"
2008D,2008,D,Obama,Jim Doyle,Governor,,WI,,"Jan. 5, 2008",,,,,TRUE,"Gov. Jim Doyle (WI) (Jan. 5, 2008)"
2008D,2008,D,Obama,Dick Durbin,U.S. Senator,,IL,,,"in Nov. 2006 Durbin posted a ""Run, Barack, Run!"" petition on his website",,,http://p2008.org/obama/durbinpetition1106.html,TRUE,"U.S. Sen. Dick Durbin (IL) (in Nov. 2006 Durbin posted a ""Run, Barack, Run!"" petition on his website)"
2008D,2008,D,Obama,Ted Kennedy,U.S. Senator,,MA,,"Jan. 28, 2008",,,,http://p2008.org/cands08/endorse/kennedy012808sp.html,TRUE,"U.S. Sen. Ted Kennedy (MA) (Jan. 28, 2008) +"
2008D,2008,D,Obama,John Kerry,U.S. Senator,,MA,,"Jan. 10, 2008",,,,,TRUE,"U.S. Sen. John Kerry (MA) (Jan. 10, 2008)"
2008D,2008,D,Obama,Claire McCaskill,U.S. Senator,,MO,,"Jan. 13, 2008",,,,,TRUE,"U.S. Sen. Claire McCaskill (MO) (Jan. 13, 2008)"
2008D,2008,D,Obama,Ben Nelson,U.S. Senator,,NE,,"Jan. 12, 2008",,,,,TRUE,"U.S. Sen. Ben Nelson (NE) (Jan. 12, 2008)"
2008D,2008,D,Obama,Kent Conrad,U.S. Senator,,ND,,"Dec. 29, 2007",,,,,TRUE,"U.S. Sen. Kent Conrad (ND) (Dec. 29, 2007)"
2008D,2008,D,Obama,Tim Johnson,U.S. Senator,,SD,,"Jan. 9, 2008",,,,,TRUE,"U.S. Sen. Tim Johnson (SD) (Jan. 9, 2008)"
2008D,2008,D,Obama,Patrick Leahy,U.S. Senator,,VT,,"Jan. 17, 2008",,,,,TRUE,"U.S. Sen. Patrick Leahy (VT) (Jan. 17, 2008)"
2008D,2008,D,Biden,Artur Davis,U.S. Representative,,AL,7,"Jan. 16, 2007",,,,,TRUE,"U.S. Rep. Artur Davis (AL-7) (Jan. 16, 2007)"
2008D,2008,D,Biden,Raul Grijalva,U.S. Representative,,AZ,7,"Jan. 28, 2008",switched from Edwards to Obama,from,Edwards to Obama,,TRUE,"U.S. Rep. Raul Grijalva (AZ-7) (Jan. 28, 2008; switched from Edwards to Obama)"
2008D,2008,D,Biden,George Miller,U.S. Representative,,CA,7,"Jan. 18, 2008",,,,,TRUE,"U.S. Rep. George Miller (CA-7) (Jan. 18, 2008)"
2008D,2008,D,Biden,Barbara Lee,U.S. Representative,,CA,9,"Dec. 10, 2007",,,,,TRUE,"U.S. Rep. Barbara Lee (CA-9) (Dec. 10, 2007)"
2008D,2008,D,Biden,Anna Eshoo,U.S. Representative,,CA-14 ,,"Jan. 30, 2008",previously backed Dodd,,,,TRUE,"U.S. Rep. Anna Eshoo (CA-14 ) (Jan. 30, 2008; previously backed Dodd)"
2008D,2008,D,Biden,Zoe Lofgren,U.S. Representative,,CA,18,"Jan. 14, 2008",,,,,TRUE,"U.S. Rep. Zoe Lofgren (CA-18) (Jan. 14, 2008)"
2008D,2008,D,Biden,Adam Schiff,U.S. Representative,,CA,29,"Jan. 9, 2008",,,,,TRUE,"U.S. Rep. Adam Schiff (CA-29) (Jan. 9, 2008)"
2008D,2008,D,Biden,Xavier Becerra,U.S. Representative,,CA,31,"Jan. 27, 2008",previously backed Dodd,,,,TRUE,"U.S. Rep. Xavier Becerra (CA-31) (Jan. 27, 2008; previously backed Dodd)"
2008D,2008,D,Biden,Linda Sanchez,U.S. Representative,,CA,39,"Jan. 18, 2008",,,,,TRUE,"U.S. Rep. Linda Sanchez (CA-39) (Jan. 18, 2008)"
2008D,2008,D,Biden,Ed Perlmutter,U.S. Representative,,CO,7,"Jan. 8, 2008",,,,,TRUE,"U.S. Rep. Ed Perlmutter (CO-7) (Jan. 8, 2008)"
2008D,2008,D,Biden,John Larson,U.S. Representative,,CT,1,"Jan. 31, 2008",previously backed Dodd,,,,TRUE,"U.S. Rep. John Larson (CT-1) (Jan. 31, 2008; previously backed Dodd)"
2008D,2008,D,Biden,Rosa DeLauro,U.S. Representative,,CT,3,"Feb. 2, 2008",previously backed Dodd,,,,TRUE,"U.S. Rep. Rosa DeLauro (CT-3) (Feb. 2, 2008; previously backed Dodd)"
2008D,2008,D,Biden,Chris Murphy,U.S. Representative,,CT,5,"Jan. 31, 2008",previously backed Dodd,,,,TRUE,"U.S. Rep. Chris Murphy (CT-5) (Jan. 31, 2008; previously backed Dodd)"
2008D,2008,D,Biden,Robert Wexler,U.S. Representative,,FL,19,"Mar. 1, 2007",,,,http://p2008.org/cands08/endorse/wexler030107.html,TRUE,"U.S. Rep. Robert Wexler (FL-19) (Mar. 1, 2007) +"
2008D,2008,D,Biden,Sanford Bishop,U.S. Representative,,GA,2,"Sept. 10, 2007",,,,,TRUE,"U.S. Rep. Sanford Bishop (GA-2) (Sept. 10, 2007)"
2008D,2008,D,Biden,Hank Johnson,U.S. Representative,,GA,4,30-Jul-07,,,,,TRUE,"U.S. Rep. Hank Johnson (GA-4) (July 30, 2007)"
2008D,2008,D,Biden,Neil Abercrombie,U.S. Representative,,HI,1,,from day one according to a spokesperson; Abercrombie knew Obama's family before he was born,,,,TRUE,U.S. Rep. Neil Abercrombie (HI-1) (from day one according to a spokesperson; Abercrombie knew Obama's family before he was born)
2008D,2008,D,Biden,Dave Loebsack,U.S. Representative,,IA,2,"Dec. 17, 2007",,,,http://p2008.org/obama/obama121707pria.html,TRUE,"U.S. Rep. Dave Loebsack (IA-2) (Dec. 17, 2007) +"
2008D,2008,D,Biden,,,,,,,,,,,FALSE,...including 8 out of the 10 IL Democratic House members
2008D,2008,D,Biden,Bobby Rush,U.S. Representative,,IL,1,"reported by CBS News on Jan. 27, 2007",,,,,TRUE,"U.S. Rep. Bobby Rush (IL-1) (reported by CBS News on Jan. 27, 2007)"
2008D,2008,D,Biden,Jesse L. Jackson Jr.,U.S. Representative,,IL,2,,,,,,TRUE,U.S. Rep. Jesse L. Jackson Jr. (IL-2)
2008D,2008,D,Biden,Luis V. Gutierrez,U.S. Representative,,IL,4,,,,,,TRUE,U.S. Rep. Luis V. Gutierrez (IL-4)
2008D,2008,D,Biden,Danny Davis,U.S. Representative,,IL,7,,,,,,TRUE,U.S. Rep. Danny Davis (IL-7)
2008D,2008,D,Biden,Melissa Bean,U.S. Representative,,IL,8,,,,,,TRUE,U.S. Rep. Melissa Bean (IL-8)
2008D,2008,D,Biden,Jan Schakowsky,U.S. Representative,,IL,9,,,,,,TRUE,U.S. Rep. Jan Schakowsky (IL-9)
2008D,2008,D,Biden,Jerry Costello,U.S. Representative,,IL,12,,,,,,TRUE,U.S. Rep. Jerry Costello (IL-12)
2008D,2008,D,Biden,Phil Hare,U.S. Representative,,IL,17,,,,,,TRUE,U.S. Rep. Phil Hare (IL-17)
2008D,2008,D,Biden,Elijah Cummings,U.S. Representative,,MD,7,,,,,,TRUE,U.S. Rep. Elijah Cummings (MD-7)
2008D,2008,D,Biden,Michael Capuano,U.S. Representative,,MA,8,"Jan. 28, 2008",,,,,TRUE,"U.S. Rep. Michael Capuano (MA-8) (Jan. 28, 2008)"
2008D,2008,D,Biden,Bill Delahunt,U.S. Representative,,MA,10,"Dec. 27, 2007",,,,http://p2008.org/obama/obama122707prma.html,TRUE,"U.S. Rep. Bill Delahunt (MA-10) (Dec. 27, 2007) +"
2008D,2008,D,Biden,John Conyers,U.S. Representative,,MI,14,12-May-07,,,,,TRUE,"U.S. Rep. John Conyers (MI-14) (May 12, 2007)"
2008D,2008,D,Biden,Rep. Betty McCollum,U.S. Representative,,MN,4,"reported by Minnesota Public Radio on Dec. 12, 2007",,,,,TRUE,"U.S. Rep. Rep. Betty McCollum (MN-4) (reported by Minnesota Public Radio on Dec. 12, 2007)"
2008D,2008,D,Biden,Keith Ellison,U.S. Representative,,MN,5,"reported by the Star Tribune on Feb. 20, 2007",,,,,TRUE,"U.S. Rep. Keith Ellison (MN-5) (reported by the Star Tribune on Feb. 20, 2007)"
2008D,2008,D,Biden,Jim Oberstar,U.S. Representative,,MN,8,"Feb. 1, 2008",,,,,TRUE,"U.S. Rep. Jim Oberstar (MN-8) (Feb. 1, 2008)"
2008D,2008,D,Biden,Bennie Thompson,U.S. Representative,,MS,2,"Jan. 22, 2008",,,,,TRUE,"U.S. Rep. Bennie Thompson (MS-2) (Jan. 22, 2008)"
2008D,2008,D,Biden,William Lacy Clay,U.S. Representative,,MO,1,11-May-07,,,,,TRUE,"U.S. Rep. William Lacy Clay (MO-1) (May 11, 2007)"
2008D,2008,D,Biden,Russ Carnahan,U.S. Representative,,MO,3,11-May-07,first reported by the St. Louis American on May 9,,,,TRUE,"U.S. Rep. Russ Carnahan (MO-3) (May 11, 2007; first reported by the St. Louis American on May 9)"
2008D,2008,D,Biden,Carol Shea-Porter,U.S. Representative,,NH,1,"Dec. 11, 2007",,,,http://p2008.org/cands08/obama121107prnh.html,TRUE,"U.S. Rep. Carol Shea-Porter (NH-1) (Dec. 11, 2007) +"
2008D,2008,D,Biden,Paul Hodes,U.S. Representative,,NH,2,26-Jul-07,,,,http://p2008.org/obama/obama072607prnh.html,TRUE,"U.S. Rep. Paul Hodes (NH-2) (July 26, 2007) +"
2008D,2008,D,Biden,Steve Rothman,U.S. Representative,,NJ,9,25-Jul-07,,,,,TRUE,"U.S. Rep. Steve Rothman (NJ-9) (July 25, 2007)"
2008D,2008,D,Biden,G.K Butterfield,U.S. Representative,,NC,1,"Jan. 11, 2008",switched from Edwards to Obama,from,Edwards to Obama,,TRUE,"U.S. Rep. G.K Butterfield (NC-1) (Jan. 11, 2008; switched from Edwards to Obama)"
2008D,2008,D,Biden,Earl Pomeroy,U.S. Representative,,ND,,"Jan. 31, 2008",,,,,TRUE,"U.S. Rep. Earl Pomeroy (ND) (Jan. 31, 2008)"
2008D,2008,D,Biden,Earl Blumenauer,U.S. Representative,,OR,3,"Feb. 1, 2008",,,,,TRUE,"U.S. Rep. Earl Blumenauer (OR-3) (Feb. 1, 2008)"
2008D,2008,D,Biden,Chaka Fattah,U.S. Representative,,PA,2,"Dec. 18, 2007",,,,,TRUE,"U.S. Rep. Chaka Fattah (PA-2) (Dec. 18, 2007)"
2008D,2008,D,Biden,Patrick Murphy,U.S. Representative,,PA,8,"Aug. 21, 2007",,,,,TRUE,"U.S. Rep. Patrick Murphy (PA-8) (Aug. 21, 2007)"
2008D,2008,D,Biden,Patrick Kennedy,U.S. Representative,,RI,1,"Jan. 28, 2008",,,,,TRUE,"U.S. Rep. Patrick Kennedy (RI-1) (Jan. 28, 2008)"
2008D,2008,D,Biden,Jim Cooper,U.S. Representative,,TN,5,,,,,,TRUE,U.S. Rep. Jim Cooper (TN-5)
2008D,2008,D,Biden,Steve Cohen,U.S. Representative,,TN,9,"Feb. 4, 2008",,,,,TRUE,"U.S. Rep. Steve Cohen (TN-9) (Feb. 4, 2008)"
2008D,2008,D,Biden,Al Green,U.S. Representative,,TX,9,,"see for example the Houston Chronicle June 26, 2007",,,,TRUE,"U.S. Rep. Al Green (TX-9) (see for example the Houston Chronicle June 26, 2007)"
2008D,2008,D,Biden,Peter Welch,U.S. Representative,,VT,,"Jan. 17, 2008",,,,,TRUE,"U.S. Rep. Peter Welch (VT) (Jan. 17, 2008)"
2008D,2008,D,Biden,"Robert C. ""Bobby"" Scott",U.S. Representative,,VA,3,"Dec. 20, 2007",,,,,TRUE,"U.S. Rep. Robert C. ""Bobby"" Scott (VA-3) (Dec. 20, 2007)"
2008D,2008,D,Biden,Rick Boucher,U.S. Representative,,VA,9,"Jan. 21, 2008",,,,,TRUE,"U.S. Rep. Rick Boucher (VA-9) (Jan. 21, 2008)"
2008D,2008,D,Biden,Adam Smith,U.S. Representative,,WA,9,Feb. 2007,,,,,TRUE,U.S. Rep. Adam Smith (WA-9) (Feb. 2007)
2008D,2008,D,Biden,Gwen Moore,U.S. Representative,,WI,4,,"reported by The Milwaukee Journal Sentinel on April 22, 2007",,,,TRUE,"U.S. Rep. Gwen Moore (WI-4) (reported by The Milwaukee Journal Sentinel on April 22, 2007)"
2008D,2008,D,Biden,,,,,,,,,,,FALSE,and
2008D,2008,D,Biden,,,,,,,,,,,FALSE,Delegate to Congress Eni Faleomavaega (AS)
2008D,2008,D,Biden,,,,,,,,,,,FALSE,. . .
2008D,2008,D,Biden,,,,,,,,,,,FALSE,former
2008D,2008,D,Biden,Ruth Ann Minner,Governor,,DE,,,,,,http://p2008.org/biden/biden111507pr.html,TRUE,Gov. Ruth Ann Minner (DE) +
2008D,2008,D,Biden,Tom Carper,U.S. Senator,,DE,,,,,,,TRUE,U.S. Sen. Tom Carper (DE)
2008D,2008,D,Dodd,,,,,,,,,,,FALSE,9 House members; includes 4 from Connecticut
2008D,2008,D,Dodd,Anna Eshoo,U.S. Representative,,CA,14,,,,,,TRUE,U.S. Rep. Anna Eshoo (CA-14)
2008D,2008,D,Dodd,Sam Farr,U.S. Representative,,CA,17,"see Aug. 23, 2007 Hollister Free Lance",,,,,TRUE,"U.S. Rep. Sam Farr (CA-17) (see Aug. 23, 2007 Hollister Free Lance)"
2008D,2008,D,Dodd,Xavier Becerra,U.S. Representative,,CA,31,is a national co-chair,,,,,TRUE,U.S. Rep. Xavier Becerra (CA-31) (is a national co-chair)
2008D,2008,D,Dodd,John Larson,U.S. Representative,,CT,1,,from the time of his announcement,,,,TRUE,U.S. Rep. John Larson (CT-1) (from the time of his announcement)
2008D,2008,D,Dodd,Joe Courtney,U.S. Representative,,CT,2,,from the time of his announcement,,,,TRUE,U.S. Rep. Joe Courtney (CT-2) (from the time of his announcement)
2008D,2008,D,Dodd,Rosa DeLauro,U.S. Representative,,CT,3,,from the time of his announcement,,,,TRUE,U.S. Rep. Rosa DeLauro (CT-3) (from the time of his announcement)
2008D,2008,D,Dodd,Chris Murphy,U.S. Representative,,CT,5,"Jan. 12, 2007",,,,,TRUE,"U.S. Rep. Chris Murphy (CT-5) (Jan. 12, 2007)"
2008D,2008,D,Dodd,Tim Ryan,U.S. Representative,,OH,17,"Oct. 4, 2007",,,,,TRUE,"U.S. Rep. Tim Ryan (OH-17) (Oct. 4, 2007)"
2008D,2008,D,Dodd,Patrick Kennedy,U.S. Representative,,RI,1,"Feb. 5, 2007",,,,http://p2008.org/cands08/endorse/endpk020507.html,TRUE,"U.S. Rep. Patrick Kennedy (RI-1) (Feb. 5, 2007) +"
2008D,2008,D,Edwards,Raul Grijalva,U.S. Representative,,AZ,7,...wrote ea. Feb. 2007 letter to DNC members,"switched to Obama on Jan. 29, 2008",to,Obama on Jan,http://p2008.org/cands08/endorse/endrg0207.html,TRUE,"U.S. Rep. Raul Grijalva (AZ-7) (...wrote ea. Feb. 2007 letter to DNC members; switched to Obama on Jan. 29, 2008)"
2008D,2008,D,Edwards,Bruce Braley,U.S. Representative,,IA,1,"Dec. 3, 2007",,,,http://p2008.org/edwards/edwards120307pria.html,TRUE,"U.S. Rep. Bruce Braley (IA-1) (Dec. 3, 2007) +"
2008D,2008,D,Edwards,Mike Michaud,U.S. Representative,,ME,2,"Oct. 19, 2007",,,,,TRUE,"U.S. Rep. Mike Michaud (ME-2) (Oct. 19, 2007)"
2008D,2008,D,Edwards,Bart Stupak,U.S. Representative,,MI,1,"April 21, 2007 at the Michigan Democratic Party's Jefferson-Jackson Day Dinner",,,,,TRUE,"U.S. Rep. Bart Stupak (MI-1) (April 21, 2007 at the Michigan Democratic Party's Jefferson-Jackson Day Dinner)"
2008D,2008,D,Edwards,Jim Oberstar,U.S. Representative,,MN,8,"Mar. 29, 2007",,,,,TRUE,"U.S. Rep. Jim Oberstar (MN-8) (Mar. 29, 2007)"
2008D,2008,D,Edwards,G.K Butterfield,U.S. Representative,,NC,1,,"switched to Obama on Jan. 11, 2008",,,,TRUE,"U.S. Rep. G.K Butterfield (NC-1) (switched to Obama on Jan. 11, 2008)"
2008D,2008,D,Edwards,Bob Etheridge,U.S. Representative,,NC,2,,,,,,TRUE,U.S. Rep. Bob Etheridge (NC-2)
2008D,2008,D,Edwards,David Price,U.S. Representative,,NC,4,,,,,,TRUE,U.S. Rep. David Price (NC-4)
2008D,2008,D,Edwards,Mike McIntyre,U.S. Representative,,NC,7,,,,,,TRUE,U.S. Rep. Mike McIntyre (NC-7)
2008D,2008,D,Edwards,Heath Shuler,U.S. Representative,,NC,11,,,,,,TRUE,U.S. Rep. Heath Shuler (NC-11)
2008D,2008,D,Edwards,Mel Watt,U.S. Representative,,NC,12,,,,,,TRUE,U.S. Rep. Mel Watt (NC-12)
2008D,2008,D,Edwards,Brad Miller,U.S. Representative,,NC,13,,,,,,TRUE,U.S. Rep. Brad Miller (NC-13)
2008D,2008,D,Edwards,Stephanie Herseth Sandlin,U.S. Representative,,SD,,16-Apr-07,,,,http://p2008.org/cands08/endorse/edwards041607pr.html,TRUE,"U.S. Rep. Stephanie Herseth Sandlin (SD) (April 16, 2007) +"
2008D,2008,D,Edwards,Charlie Gonzalez,U.S. Representative,,TX,20,"Mar. 7, 2007",,,,http://p2008.org/cands08/endorse/endorsecg030707.html,TRUE,"U.S. Rep. Charlie Gonzalez (TX-20) (Mar. 7, 2007) +"
2008D,2008,D,Edwards,Eddie Bernice Johnson,U.S. Representative,,TX,30,"...wrote Jan. 31, 2007 letter to DNC members",,,,http://p2008.org/cands08/endorse/endebj013107.html,TRUE,"U.S. Rep. Eddie Bernice Johnson (TX-30) (...wrote Jan. 31, 2007 letter to DNC members)"
2008D,2008,D,Edwards,David Obey,U.S. Representative,,WI,7,"Mar. 27, 2007",,,,,TRUE,"U.S. Rep. David Obey (WI-7) (Mar. 27, 2007)"
2008D,2008,D,Richardson,Jeff Bingaman,U.S. Senator,,NM,,"reported by Albuquerque Tribune on Jan. 22, 2007",,,,,TRUE,"U.S. Sen. Jeff Bingaman (NM) (reported by Albuquerque Tribune on Jan. 22, 2007)"
2008D,2008,D,Richardson,Ed Pastor,U.S. Representative,,AZ,4,2-May-07,,,,,TRUE,"U.S. Rep. Ed Pastor (AZ-4) (May 2, 2007)"
2008D,2008,D,Richardson,Tom Udall,U.S. Representative,,NM,3,"reported by Albuquerque Tribune on Jan. 22, 2007",,,,,TRUE,"U.S. Rep. Tom Udall (NM-3) (reported by Albuquerque Tribune on Jan. 22, 2007)"
2008D,2008,D,Richardson,Mike Doyle,U.S. Representative,,PA,14,"announced June 14, 2007",,,,,TRUE,"U.S. Rep. Mike Doyle (PA-14) (announced June 14, 2007)"
2008D,2008,D,Richardson,Silvestre Reyes,U.S. Representative,,TX,16,"announced May 18, 2007",,,,,TRUE,"U.S. Rep. Silvestre Reyes (TX-16) (announced May 18, 2007)"
2008D,2008,D,Richardson,Solomon Ortiz,U.S. Representative,,TX,27,"announced June 14, 2007",,,,,TRUE,"U.S. Rep. Solomon Ortiz (TX-27) (announced June 14, 2007)"
2008D,2008,D,Richardson,Gene Green,U.S. Representative,,TX,29,"announced May 18, 2007",,,,,TRUE,"U.S. Rep. Gene Green (TX-29) (announced May 18, 2007)"